Phage,Taxonomy
accession,kingdom
AB002632,Viruses
AB008550,Viruses
AB009866,Viruses
AB012573,Viruses
AB012574,Viruses
AB043678,Viruses
AB043679,Viruses
AB044554,Viruses
AB063393,Viruses
AB102868,Viruses
AB255436,Viruses
AB285204,Viruses
AB362338,Viruses
AB370205,Viruses
AB370268,Viruses
AB426868,Viruses
AB451219,Viruses
AB560486,Viruses
AB572858,Viruses
AB597179,Viruses
AB609718,Viruses
AB626962,Viruses
AB626963,Viruses
AB647160,Viruses
AB711120,Viruses
AB712291,Viruses
AB720063,Viruses
AB720064,Viruses
AB731695,Viruses
AB828698,Viruses
AB830321,Viruses
AB854109,Viruses
AB863625,Viruses
AB903967,Viruses
AB910393,Viruses
AB931172,Viruses
AB937974,Viruses
AB971354,Viruses
AB981169,Viruses
AB981170,Viruses
AE002163,Viruses
AF063097,Viruses
AF065411,Viruses
AF074945,Viruses
AF125163,Viruses
AF165214,Viruses
AF176027,Viruses
AF176028,Viruses
AF176029,Viruses
AF176030,Viruses
AF176031,Viruses
AF176032,Viruses
AF176033,Viruses
AF189021,Viruses
AF195902,Viruses
AF222060,Viruses
AF232233,Viruses
AF242738,Viruses
AF246223,Viruses
AF306496,Viruses
AF323668,Viruses
AF323669,Viruses
AF323670,Viruses
AF323671,Viruses
AF323672,Viruses
AF323673,Viruses
AF334111,Viruses
AF335538,Viruses
AF338467,Viruses
AF396866,Viruses
AF424781,Viruses
AF424782,Viruses
AF424783,Viruses
AF448724,Viruses
AF452449,Viruses
AF453500,Viruses
AF493143,Viruses
AF527608,Viruses
AF547987,Viruses
AJ131519,Viruses
AJ242593,Viruses
AJ251789,Viruses
AJ251805,Viruses
AJ278322,Viruses
AJ298298,Viruses
AJ312240,Viruses
AJ344259,Viruses
AJ414696,Viruses
AJ536073,Viruses
AJ550635,Viruses
AJ556162,Viruses
AJ560763,Viruses
AJ564013,Viruses
AJ567472,Viruses
AJ609634,Viruses
AJ630128,Viruses
AJ697969,Viruses
AJ748296,Viruses
AJ783769,Viruses
AJ842011,Viruses
AJ854042,Viruses
AJ972879,Viruses
AM040673,Viruses
AM156909,Viruses
AM183667,Viruses
AM265638,Viruses
AM265639,Viruses
AM491472,Viruses
AM749441,Viruses
AM910650,Viruses
AM910651,Viruses
AP000363,Viruses
AP001553,Viruses
AP005153,Viruses
AP005154,Viruses
AP008953,Viruses
AP008954,Viruses
AP008983,Viruses
AP009146,Viruses
AP009363,Viruses
AP009390,Viruses
AP009624,Viruses
AP011616,Viruses
AP011617,Viruses
AP013029,Viruses
AP013057,Viruses
AY007505,Viruses
AY055382,Viruses
AY082070,Viruses
AY095314,Viruses
AY150271,Viruses
AY212251,Viruses
AY266303,Viruses
AY320035,Viruses
AY374414,Viruses
AY375531,Viruses
AY388628,Viruses
AY394005,Viruses
AY453853,Viruses
AY510084,Viruses
AY569307,Viruses
AY605066,Viruses
AY699705,Viruses
AY730274,Viruses
AY739900,Viruses
AY769964,Viruses
AY772740,Viruses
AY939844,Viruses
AY940168,Viruses
AY950802,Viruses
AY954948,Viruses
AY962392,Viruses
BK000583,Viruses
CP000315,Viruses
CP000622,Viruses
CP000623,Viruses
CP000624,Viruses
CP000625,Viruses
CP000917,Viruses
CP002495,Viruses
CP002889,Viruses
CP003186,Viruses
CP004084,Viruses
CP008753,Viruses
CU468217,Viruses
DQ003637,Viruses
DQ003638,Viruses
DQ003639,Viruses
DQ003640,Viruses
DQ003641,Viruses
DQ003642,Viruses
DQ113772,Viruses
DQ114220,Viruses
DQ123818,Viruses
DQ126339,Viruses
DQ150593,Viruses
DQ221100,Viruses
DQ222851,Viruses
DQ222853,Viruses
DQ222855,Viruses
DQ289555,Viruses
DQ289556,Viruses
DQ320509,Viruses
DQ340064,Viruses
DQ372923,Viruses
DQ394806,Viruses
DQ394807,Viruses
DQ394808,Viruses
DQ394809,Viruses
DQ426904,Viruses
DQ426905,Viruses
DQ453159,Viruses
DQ490056,Viruses
DQ517338,Viruses
DQ674738,Viruses
DQ777876,Viruses
DQ785801,Viruses
DQ832317,Viruses
DQ838728,Viruses
DQ840344,Viruses
DQ873690,Viruses
EF056009,Viruses
EF057797,Viruses
EF071488,Viruses
EF116926,Viruses
EF207558,Viruses
EF372997,Viruses
EF380009,Viruses
EF380010,Viruses
EF380011,Viruses
EF380012,Viruses
EF380013,Viruses
EF380014,Viruses
EF380015,Viruses
EF380016,Viruses
EF380017,Viruses
EF380018,Viruses
EF380019,Viruses
EF380020,Viruses
EF380021,Viruses
EF380022,Viruses
EF380023,Viruses
EF380024,Viruses
EF380025,Viruses
EF380026,Viruses
EF380027,Viruses
EF380028,Viruses
EF380029,Viruses
EF380030,Viruses
EF380031,Viruses
EF380032,Viruses
EF432053,Viruses
EF437941,Viruses
EF455602,Viruses
EF523948,Viruses
EF529515,Viruses
EF536069,Viruses
EF537008,Viruses
EF579802,Viruses
EF583821,Viruses
EF602154,Viruses
EU030938,Viruses
EU030939,Viruses
EU056923,Viruses
EU078592,Viruses
EU081845,Viruses
EU100883,Viruses
EU100884,Viruses
EU124666,Viruses
EU136189,Viruses
EU203571,Viruses
EU246945,Viruses
EU272036,Viruses
EU272037,Viruses
EU311208,Viruses
EU330206,Viruses
EU340421,Viruses
EU408779,Viruses
EU409559,Viruses
EU418428,Viruses
EU438902,Viruses
EU545650,Viruses
EU570103,Viruses
EU588980,Viruses
EU652770,Viruses
EU716414,Viruses
EU717894,Viruses
EU719189,Viruses
EU734170,Viruses
EU734171,Viruses
EU734172,Viruses
EU734173,Viruses
EU734174,Viruses
EU771092,Viruses
EU794049,Viruses
EU826470,Viruses
EU855793,Viruses
EU861004,Viruses
EU861005,Viruses
EU863408,Viruses
EU863409,Viruses
EU871039,Viruses
EU874396,Viruses
EU876853,Viruses
EU877232,Viruses
FJ000341,Viruses
FJ008913,Viruses
FJ168659,Viruses
FJ168660,Viruses
FJ168661,Viruses
FJ168662,Viruses
FJ174690,Viruses
FJ174691,Viruses
FJ174692,Viruses
FJ174693,Viruses
FJ174694,Viruses
FJ226752,Viruses
FJ230960,Viruses
FJ236310,Viruses
FJ373894,Viruses
FJ429185,Viruses
FJ483837,Viruses
FJ483838,Viruses
FJ483839,Viruses
FJ483840,Viruses
FJ483841,Viruses
FJ483842,Viruses
FJ483843,Viruses
FJ483844,Viruses
FJ591093,Viruses
FJ591094,Viruses
FJ608823,Viruses
FJ608824,Viruses
FJ608825,Viruses
FJ641182,Viruses
FJ685651,Viruses
FJ713816,Viruses
FJ750948,Viruses
FJ792813,Viruses
FJ849058,Viruses
FJ870915,Viruses
FJ870916,Viruses
FJ870917,Viruses
FJ896200,Viruses
FJ904927,Viruses
FJ937737,Viruses
FJ965538,Viruses
FJ973624,Viruses
FJ982340,Viruses
FM163528,Viruses
FM180578,Viruses
FM201281,Viruses
FM201282,Viruses
FM887021,Viruses
FN263372,Viruses
FN391954,Viruses
FN422398,Viruses
FN422399,Viruses
FN594518,Viruses
FQ312032,Viruses
FR667955,Viruses
FR687252,Viruses
FR751545,Viruses
FR775895,Viruses
FR823450,Viruses
FR852584,Viruses
GQ149088,Viruses
GQ241246,Viruses
GQ303259,Viruses
GQ303260,Viruses
GQ303261,Viruses
GQ303262,Viruses
GQ303263,Viruses
GQ303264,Viruses
GQ334450,Viruses
GQ357915,Viruses
GQ357916,Viruses
GQ379227,Viruses
GQ398772,Viruses
GQ403789,Viruses
GQ413937,Viruses
GQ413938,Viruses
GQ421471,Viruses
GQ443085,Viruses
GQ452243,Viruses
GQ468526,Viruses
GQ478081,Viruses
GQ478082,Viruses
GQ478083,Viruses
GQ478084,Viruses
GQ478085,Viruses
GQ478086,Viruses
GQ478087,Viruses
GQ478088,Viruses
GQ502199,Viruses
GQ866233,Viruses
GQ979703,Viruses
GQ981382,Viruses
GU060500,Viruses
GU070616,Viruses
GU071094,Viruses
GU071095,Viruses
GU071096,Viruses
GU071097,Viruses
GU071098,Viruses
GU071099,Viruses
GU071100,Viruses
GU071101,Viruses
GU071102,Viruses
GU071103,Viruses
GU071104,Viruses
GU071105,Viruses
GU071106,Viruses
GU071107,Viruses
GU071108,Viruses
GU075905,Viruses
GU080336,Viruses
GU247132,Viruses
GU295964,Viruses
GU296433,Viruses
GU321093,Viruses
GU323318,Viruses
GU339467,Viruses
GU385905,Viruses
GU396103,Viruses
GU459069,Viruses
GU477322,Viruses
GU557055,Viruses
GU573886,Viruses
GU580940,Viruses
GU580941,Viruses
GU580942,Viruses
GU580943,Viruses
GU583987,Viruses
GU595417,Viruses
GU815091,Viruses
GU815339,Viruses
GU911303,Viruses
GU911304,Viruses
GU911519,Viruses
GU936714,Viruses
GU936715,Viruses
GU949551,Viruses
GU988610,Viruses
HE600015,Viruses
HE608841,Viruses
HE611333,Viruses
HE614281,Viruses
HE664024,Viruses
HE775250,Viruses
HE806280,Viruses
HE815464,Viruses
HE861935,Viruses
HE956708,Viruses
HE956709,Viruses
HE956710,Viruses
HE962497,Viruses
HE978309,Viruses
HE983844,Viruses
HE983845,Viruses
HF543949,Viruses
HF563658,Viruses
HG007973,Viruses
HG322870,Viruses
HG380752,Viruses
HG424323,Viruses
HG428758,Viruses
HG518155,Viruses
HG798806,Viruses
HG799490,Viruses
HG799496,Viruses
HG799497,Viruses
HG813241,Viruses
HG818823,Viruses
HG818824,Viruses
HG934469,Viruses
HG934470,Viruses
HG962375,Viruses
HG962376,Viruses
HM004124,Viruses
HM029250,Viruses
HM035024,Viruses
HM035025,Viruses
HM064452,Viruses
HM066936,Viruses
HM071924,Viruses
HM072038,Viruses
HM114277,Viruses
HM114315,Viruses
HM134276,Viruses
HM137666,Viruses
HM144385,Viruses
HM144386,Viruses
HM144387,Viruses
HM150760,Viruses
HM151342,Viruses
HM152763,Viruses
HM152764,Viruses
HM152765,Viruses
HM152766,Viruses
HM152767,Viruses
HM173637,Viruses
HM208537,Viruses
HM242243,Viruses
HM452125,Viruses
HM452126,Viruses
HM461982,Viruses
HM480106,Viruses
HM486077,Viruses
HM563683,Viruses
HM568888,Viruses
HM588722,Viruses
HM624080,Viruses
HM997019,Viruses
HM997020,Viruses
HQ110084,Viruses
HQ141410,Viruses
HQ141411,Viruses
HQ163896,Viruses
HQ201307,Viruses
HQ201308,Viruses
HQ224500,Viruses
HQ225832,Viruses
HQ259103,Viruses
HQ268735,Viruses
HQ316579,Viruses
HQ316580,Viruses
HQ316581,Viruses
HQ316582,Viruses
HQ316583,Viruses
HQ316584,Viruses
HQ316603,Viruses
HQ316604,Viruses
HQ317290,Viruses
HQ317291,Viruses
HQ317292,Viruses
HQ317383,Viruses
HQ317384,Viruses
HQ317385,Viruses
HQ317386,Viruses
HQ317387,Viruses
HQ317388,Viruses
HQ317389,Viruses
HQ317390,Viruses
HQ317391,Viruses
HQ317392,Viruses
HQ317393,Viruses
HQ331142,Viruses
HQ332137,Viruses
HQ332138,Viruses
HQ332140,Viruses
HQ332141,Viruses
HQ332142,Viruses
HQ333270,Viruses
HQ337021,Viruses
HQ337022,Viruses
HQ377373,Viruses
HQ403646,Viruses
HQ424691,Viruses
HQ615693,Viruses
HQ632825,Viruses
HQ632859,Viruses
HQ633071,Viruses
HQ634152,Viruses
HQ634153,Viruses
HQ634156,Viruses
HQ634157,Viruses
HQ634174,Viruses
HQ634175,Viruses
HQ634176,Viruses
HQ634177,Viruses
HQ634178,Viruses
HQ634187,Viruses
HQ634188,Viruses
HQ634189,Viruses
HQ634190,Viruses
HQ634191,Viruses
HQ634192,Viruses
HQ634193,Viruses
HQ634194,Viruses
HQ634196,Viruses
HQ641340,Viruses
HQ641341,Viruses
HQ641343,Viruses
HQ641344,Viruses
HQ641345,Viruses
HQ641346,Viruses
HQ641347,Viruses
HQ641348,Viruses
HQ641349,Viruses
HQ641350,Viruses
HQ641351,Viruses
HQ641352,Viruses
HQ641353,Viruses
HQ641354,Viruses
HQ641380,Viruses
HQ665011,Viruses
HQ683709,Viruses
HQ698895,Viruses
HQ698922,Viruses
HQ711984,Viruses
HQ711985,Viruses
HQ728263,Viruses
HQ728264,Viruses
HQ728265,Viruses
HQ728266,Viruses
HQ728524,Viruses
HQ829472,Viruses
HQ832595,Viruses
HQ918180,Viruses
JF270478,Viruses
JF344709,Viruses
JF461087,Viruses
JF501022,Viruses
JF719726,Viruses
JF719727,Viruses
JF719728,Viruses
JF719732,Viruses
JF719733,Viruses
JF719734,Viruses
JF734911,Viruses
JF744988,Viruses
JF767208,Viruses
JF767209,Viruses
JF767210,Viruses
JF770475,Viruses
JF773396,Viruses
JF792674,Viruses
JF832915,Viruses
JF900176,Viruses
JF912400,Viruses
JF917095,Viruses
JF923796,Viruses
JF923797,Viruses
JF939047,Viruses
JF946695,Viruses
JF966203,Viruses
JF974286,Viruses
JF974287,Viruses
JF974288,Viruses
JF974289,Viruses
JF974292,Viruses
JF974293,Viruses
JF974294,Viruses
JF974295,Viruses
JF974296,Viruses
JF974307,Viruses
JF974308,Viruses
JF974312,Viruses
JF974313,Viruses
JF974314,Viruses
JF974315,Viruses
JF974321,Viruses
JF974339,Viruses
JN022534,Viruses
JN035618,Viruses
JN116822,Viruses
JN116823,Viruses
JN116824,Viruses
JN116825,Viruses
JN116826,Viruses
JN116827,Viruses
JN116828,Viruses
JN126049,Viruses
JN132397,Viruses
JN153085,Viruses
JN153086,Viruses
JN175269,Viruses
JN190960,Viruses
JN191664,Viruses
JN192400,Viruses
JN192401,Viruses
JN192463,Viruses
JN201525,Viruses
JN202312,Viruses
JN243855,Viruses
JN243856,Viruses
JN243857,Viruses
JN254800,Viruses
JN254801,Viruses
JN255163,Viruses
JN256079,Viruses
JN377894,Viruses
JN377895,Viruses
JN382248,Viruses
JN391180,Viruses
JN398368,Viruses
JN398369,Viruses
JN408460,Viruses
JN408461,Viruses
JN412588,Viruses
JN412589,Viruses
JN412591,Viruses
JN412592,Viruses
JN412593,Viruses
JN542517,Viruses
JN561150,Viruses
JN564907,Viruses
JN572689,Viruses
JN585957,Viruses
JN593240,Viruses
JN600960,Viruses
JN624850,Viruses
JN624851,Viruses
JN627160,Viruses
JN638751,Viruses
JN643714,Viruses
JN651747,Viruses
JN654439,Viruses
JN660814,Viruses
JN662425,Viruses
JN673056,Viruses
JN680858,Viruses
JN687951,Viruses
JN698989,Viruses
JN698992,Viruses
JN698993,Viruses
JN698994,Viruses
JN698995,Viruses
JN698996,Viruses
JN698997,Viruses
JN698998,Viruses
JN698999,Viruses
JN699000,Viruses
JN699001,Viruses
JN699005,Viruses
JN699006,Viruses
JN699007,Viruses
JN699008,Viruses
JN699011,Viruses
JN699012,Viruses
JN699014,Viruses
JN699015,Viruses
JN699016,Viruses
JN699626,Viruses
JN699627,Viruses
JN700519,Viruses
JN700520,Viruses
JN700521,Viruses
JN712910,Viruses
JN790865,Viruses
JN797796,Viruses
JN797797,Viruses
JN797798,Viruses
JN800508,Viruses
JN848801,Viruses
JN849462,Viruses
JN871591,Viruses
JN880423,Viruses
JN882264,Viruses
JN882265,Viruses
JN882266,Viruses
JN882267,Viruses
JN882284,Viruses
JN882285,Viruses
JN882286,Viruses
JN882287,Viruses
JN882298,Viruses
JN939331,Viruses
JN939332,Viruses
JN968479,Viruses
JN984867,Viruses
JN986844,Viruses
JN986845,Viruses
JN986846,Viruses
JN991020,Viruses
JQ007353,Viruses
JQ010983,Viruses
JQ011317,Viruses
JQ011318,Viruses
JQ015307,Viruses
JQ031132,Viruses
JQ062992,Viruses
JQ066768,Viruses
JQ067083,Viruses
JQ067085,Viruses
JQ086369,Viruses
JQ086370,Viruses
JQ086371,Viruses
JQ086372,Viruses
JQ086373,Viruses
JQ086374,Viruses
JQ086375,Viruses
JQ086376,Viruses
JQ086377,Viruses
JQ177061,Viruses
JQ177062,Viruses
JQ177063,Viruses
JQ177064,Viruses
JQ177065,Viruses
JQ182726,Viruses
JQ182727,Viruses
JQ182728,Viruses
JQ182729,Viruses
JQ182730,Viruses
JQ182731,Viruses
JQ182732,Viruses
JQ182733,Viruses
JQ182734,Viruses
JQ182735,Viruses
JQ182736,Viruses
JQ245707,Viruses
JQ246028,Viruses
JQ267364,Viruses
JQ287645,Viruses
JQ288021,Viruses
JQ307386,Viruses
JQ307387,Viruses
JQ309827,Viruses
JQ312117,Viruses
JQ340389,Viruses
JQ340774,Viruses
JQ341413,Viruses
JQ408219,Viruses
JQ446452,Viruses
JQ513383,Viruses
JQ617284,Viruses
JQ619704,Viruses
JQ659259,Viruses
JQ660954,Viruses
JQ686190,Viruses
JQ691611,Viruses
JQ691612,Viruses
JQ729990,Viruses
JQ729991,Viruses
JQ729992,Viruses
JQ740790,Viruses
JQ740791,Viruses
JQ740792,Viruses
JQ740793,Viruses
JQ740794,Viruses
JQ740795,Viruses
JQ740796,Viruses
JQ740797,Viruses
JQ740798,Viruses
JQ740799,Viruses
JQ740800,Viruses
JQ740801,Viruses
JQ740802,Viruses
JQ740803,Viruses
JQ740805,Viruses
JQ740806,Viruses
JQ740807,Viruses
JQ740808,Viruses
JQ740809,Viruses
JQ740810,Viruses
JQ740811,Viruses
JQ740812,Viruses
JQ740814,Viruses
JQ762257,Viruses
JQ768459,Viruses
JQ779023,Viruses
JQ779024,Viruses
JQ780163,Viruses
JQ780327,Viruses
JQ797329,Viruses
JQ801337,Viruses
JQ806763,Viruses
JQ806764,Viruses
JQ809650,Viruses
JQ809663,Viruses
JQ809701,Viruses
JQ809702,Viruses
JQ809703,Viruses
JQ823122,Viruses
JQ823123,Viruses
JQ867099,Viruses
JQ867100,Viruses
JQ957932,Viruses
JQ965645,Viruses
JQ965700,Viruses
JQ965701,Viruses
JQ965702,Viruses
JQ965703,Viruses
JQ966307,Viruses
JX000007,Viruses
JX013863,Viruses
JX045649,Viruses
JX045650,Viruses
JX080300,Viruses
JX080301,Viruses
JX080302,Viruses
JX080303,Viruses
JX080304,Viruses
JX080305,Viruses
JX094431,Viruses
JX094500,Viruses
JX094501,Viruses
JX100809,Viruses
JX100810,Viruses
JX100811,Viruses
JX100812,Viruses
JX100813,Viruses
JX100814,Viruses
JX104231,Viruses
JX121091,Viruses
JX123262,Viruses
JX128257,Viruses
JX128258,Viruses
JX128259,Viruses
JX131330,Viruses
JX145341,Viruses
JX145342,Viruses
JX163858,Viruses
JX173487,Viruses
JX182369,Viruses
JX182370,Viruses
JX182371,Viruses
JX182372,Viruses
JX193904,Viruses
JX194239,Viruses
JX238501,Viruses
JX262215,Viruses
JX262216,Viruses
JX262217,Viruses
JX262218,Viruses
JX262219,Viruses
JX262220,Viruses
JX262221,Viruses
JX262222,Viruses
JX262223,Viruses
JX262224,Viruses
JX262225,Viruses
JX262376,Viruses
JX296113,Viruses
JX307703,Viruses
JX316028,Viruses
JX403940,Viruses
JX412914,Viruses
JX415535,Viruses
JX415536,Viruses
JX421753,Viruses
JX442241,Viruses
JX486087,Viruses
JX501340,Viruses
JX536493,Viruses
JX556417,Viruses
JX556418,Viruses
JX561091,Viruses
JX567312,Viruses
JX569801,Viruses
JX570702,Viruses
JX570703,Viruses
JX570704,Viruses
JX570705,Viruses
JX570706,Viruses
JX570707,Viruses
JX570708,Viruses
JX570709,Viruses
JX570710,Viruses
JX570711,Viruses
JX570712,Viruses
JX570713,Viruses
JX570714,Viruses
JX625144,Viruses
JX658790,Viruses
JX681814,Viruses
JX846612,Viruses
JX846613,Viruses
JX863101,Viruses
JX865427,Viruses
JX866719,Viruses
JX867715,Viruses
JX872508,Viruses
JX875065,Viruses
JX878496,Viruses
JX878671,Viruses
JX879087,Viruses
JX880034,Viruses
JX880072,Viruses
JX887877,Viruses
JX899358,Viruses
JX901189,Viruses
JX997978,Viruses
KC012913,Viruses
KC013021,Viruses
KC013022,Viruses
KC013023,Viruses
KC013024,Viruses
KC013025,Viruses
KC013026,Viruses
KC013027,Viruses
KC013028,Viruses
KC013029,Viruses
KC107834,Viruses
KC117376,Viruses
KC117377,Viruses
KC117378,Viruses
KC131129,Viruses
KC139512,Viruses
KC139514,Viruses
KC139515,Viruses
KC139517,Viruses
KC139518,Viruses
KC139519,Viruses
KC139520,Viruses
KC139521,Viruses
KC171646,Viruses
KC171647,Viruses
KC172839,Viruses
KC237729,Viruses
KC252997,Viruses
KC292020,Viruses
KC292021,Viruses
KC292022,Viruses
KC292023,Viruses
KC292024,Viruses
KC292025,Viruses
KC292026,Viruses
KC292027,Viruses
KC292028,Viruses
KC292029,Viruses
KC310802,Viruses
KC310803,Viruses
KC310804,Viruses
KC310806,Viruses
KC311669,Viruses
KC330679,Viruses
KC330680,Viruses
KC330681,Viruses
KC330683,Viruses
KC330684,Viruses
KC342645,Viruses
KC357596,Viruses
KC438282,Viruses
KC438283,Viruses
KC462197,Viruses
KC465898,Viruses
KC465899,Viruses
KC465900,Viruses
KC465901,Viruses
KC481682,Viruses
KC522412,Viruses
KC556893,Viruses
KC556894,Viruses
KC556895,Viruses
KC556896,Viruses
KC556898,Viruses
KC576783,Viruses
KC576784,Viruses
KC595278,Viruses
KC595279,Viruses
KC595518,Viruses
KC661271,Viruses
KC661272,Viruses
KC661273,Viruses
KC661274,Viruses
KC661275,Viruses
KC661276,Viruses
KC661277,Viruses
KC661278,Viruses
KC661279,Viruses
KC661280,Viruses
KC661281,Viruses
KC677662,Viruses
KC677663,Viruses
KC685370,Viruses
KC688701,Viruses
KC690136,Viruses
KC691254,Viruses
KC691255,Viruses
KC691256,Viruses
KC691257,Viruses
KC691258,Viruses
KC700556,Viruses
KC700557,Viruses
KC700558,Viruses
KC701493,Viruses
KC710998,Viruses
KC736071,Viruses
KC748968,Viruses
KC748969,Viruses
KC748970,Viruses
KC748971,Viruses
KC751414,Viruses
KC787105,Viruses
KC787106,Viruses
KC787107,Viruses
KC787108,Viruses
KC787110,Viruses
KC801932,Viruses
KC814930,Viruses
KC821604,Viruses
KC821605,Viruses
KC821606,Viruses
KC821607,Viruses
KC821608,Viruses
KC821609,Viruses
KC821610,Viruses
KC821611,Viruses
KC821612,Viruses
KC821613,Viruses
KC821614,Viruses
KC821615,Viruses
KC821616,Viruses
KC821617,Viruses
KC821618,Viruses
KC821619,Viruses
KC821620,Viruses
KC821621,Viruses
KC821622,Viruses
KC821623,Viruses
KC821624,Viruses
KC821625,Viruses
KC821626,Viruses
KC821627,Viruses
KC821628,Viruses
KC821629,Viruses
KC821630,Viruses
KC821631,Viruses
KC821632,Viruses
KC821633,Viruses
KC821634,Viruses
KC832325,Viruses
KC853746,Viruses
KC862295,Viruses
KC862296,Viruses
KC862297,Viruses
KC862298,Viruses
KC862299,Viruses
KC862300,Viruses
KC862301,Viruses
KC900379,Viruses
KC911856,Viruses
KC911857,Viruses
KC954774,Viruses
KC959568,Viruses
KC960489,Viruses
KF005317,Viruses
KF005318,Viruses
KF005319,Viruses
KF005320,Viruses
KF006818,Viruses
KF010834,Viruses
KF017001,Viruses
KF017002,Viruses
KF017003,Viruses
KF017004,Viruses
KF017005,Viruses
KF024721,Viruses
KF024723,Viruses
KF024724,Viruses
KF024725,Viruses
KF024726,Viruses
KF024727,Viruses
KF024728,Viruses
KF024729,Viruses
KF024730,Viruses
KF024731,Viruses
KF024732,Viruses
KF024733,Viruses
KF044309,Viruses
KF044310,Viruses
KF056323,Viruses
KF114874,Viruses
KF114875,Viruses
KF147891,Viruses
KF148616,Viruses
KF156338,Viruses
KF156339,Viruses
KF156340,Viruses
KF183314,Viruses
KF183315,Viruses
KF188410,Viruses
KF188458,Viruses
KF208639,Viruses
KF279411,Viruses
KF279412,Viruses
KF279413,Viruses
KF279414,Viruses
KF279415,Viruses
KF279416,Viruses
KF279417,Viruses
KF296718,Viruses
KF301602,Viruses
KF306380,Viruses
KF322026,Viruses
KF322032,Viruses
KF356198,Viruses
KF361475,Viruses
KF416340,Viruses
KF416341,Viruses
KF416342,Viruses
KF416343,Viruses
KF416344,Viruses
KF475786,Viruses
KF493879,Viruses
KF493880,Viruses
KF493881,Viruses
KF493882,Viruses
KF493883,Viruses
KF534715,Viruses
KF550303,Viruses
KF554508,Viruses
KF560330,Viruses
KF560331,Viruses
KF560332,Viruses
KF560333,Viruses
KF560334,Viruses
KF562099,Viruses
KF562100,Viruses
KF562101,Viruses
KF562102,Viruses
KF562340,Viruses
KF562341,Viruses
KF562864,Viruses
KF562865,Viruses
KF582788,Viruses
KF589919,Viruses
KF598856,Viruses
KF598865,Viruses
KF614509,Viruses
KF620435,Viruses
KF623293,Viruses
KF623294,Viruses
KF626666,Viruses
KF626667,Viruses
KF669647,Viruses
KF669648,Viruses
KF669649,Viruses
KF669650,Viruses
KF669651,Viruses
KF669652,Viruses
KF669653,Viruses
KF669654,Viruses
KF669655,Viruses
KF669656,Viruses
KF669657,Viruses
KF669658,Viruses
KF669659,Viruses
KF669660,Viruses
KF669661,Viruses
KF669662,Viruses
KF669663,Viruses
KF676640,Viruses
KF692088,Viruses
KF700371,Viruses
KF713485,Viruses
KF713486,Viruses
KF728385,Viruses
KF733017,Viruses
KF766114,Viruses
KF771236,Viruses
KF771237,Viruses
KF771238,Viruses
KF771239,Viruses
KF771641,Viruses
KF772233,Viruses
KF772234,Viruses
KF787094,Viruses
KF787095,Viruses
KF806588,Viruses
KF806589,Viruses
KF811200,Viruses
KF831354,Viruses
KF841475,Viruses
KF841476,Viruses
KF841477,Viruses
KF856712,Viruses
KF861510,Viruses
KF926093,Viruses
KF929199,Viruses
KF954506,Viruses
KF959563,Viruses
KF971864,Viruses
KF977490,Viruses
KF981601,Viruses
KF981730,Viruses
KF981875,Viruses
KF981876,Viruses
KF986246,Viruses
KF986247,Viruses
KJ000058,Viruses
KJ002054,Viruses
KJ010489,Viruses
KJ025956,Viruses
KJ025957,Viruses
KJ094020,Viruses
KJ094021,Viruses
KJ094022,Viruses
KJ094023,Viruses
KJ094029,Viruses
KJ094030,Viruses
KJ094031,Viruses
KJ094032,Viruses
KJ094033,Viruses
KJ101592,Viruses
KJ127303,Viruses
KJ135004,Viruses
KJ140076,Viruses
KJ156985,Viruses
KJ159566,Viruses
KJ173786,Viruses
KJ174156,Viruses
KJ174157,Viruses
KJ190157,Viruses
KJ190158,Viruses
KJ192399,Viruses
KJ194581,Viruses
KJ194582,Viruses
KJ194584,Viruses
KJ194585,Viruses
KJ210330,Viruses
KJ395778,Viruses
KJ409696,Viruses
KJ409772,Viruses
KJ410132,Viruses
KJ410133,Viruses
KJ410134,Viruses
KJ419279,Viruses
KJ451625,Viruses
KJ473422,Viruses
KJ473423,Viruses
KJ477077,Viruses
KJ489010,Viruses
KJ489011,Viruses
KJ489012,Viruses
KJ489013,Viruses
KJ489397,Viruses
KJ507099,Viruses
KJ507100,Viruses
KJ510412,Viruses
KJ510413,Viruses
KJ510414,Viruses
KJ510415,Viruses
KJ528544,Viruses
KJ534580,Viruses
KJ535721,Viruses
KJ535722,Viruses
KJ538721,Viruses
KJ538722,Viruses
KJ564036,Viruses
KJ564037,Viruses
KJ564038,Viruses
KJ567041,Viruses
KJ567042,Viruses
KJ567043,Viruses
KJ567046,Viruses
KJ572844,Viruses
KJ572845,Viruses
KJ586794,Viruses
KJ586795,Viruses
KJ591604,Viruses
KJ591605,Viruses
KJ595576,Viruses
KJ596420,Viruses
KJ603229,Viruses
KJ608188,Viruses
KJ619459,Viruses
KJ621082,Viruses
KJ668714,Viruses
KJ690250,Viruses
KJ716335,Viruses
KJ725374,Viruses
KJ746502,Viruses
KJ748011,Viruses
KJ802832,Viruses
KJ817802,Viruses
KJ847052,Viruses
KJ858521,Viruses
KJ888149,Viruses
KJ920400,Viruses
KJ997912,Viruses
KM051843,Viruses
KM066034,Viruses
KM083128,Viruses
KM091442,Viruses
KM091443,Viruses
KM091444,Viruses
KM101120,Viruses
KM101122,Viruses
KM101123,Viruses
KM101124,Viruses
KM190144,Viruses
KM199770,Viruses
KM199771,Viruses
KM215148,Viruses
KM216423,Viruses
KM224878,Viruses
KM224879,Viruses
KM226324,Viruses
KM233151,Viruses
KM247287,Viruses
KM253764,Viruses
KM272358,Viruses
KM279937,Viruses
KM347889,Viruses
KM360178,Viruses
KM370384,Viruses
KM373208,Viruses
KM378617,Viruses
KM407600,Viruses
KM458633,Viruses
KM501444,Viruses
KM507819,Viruses
KM514685,Viruses
KM581061,Viruses
KM606994,Viruses
KM606995,Viruses
KM606996,Viruses
KM606997,Viruses
KM606998,Viruses
KM606999,Viruses
KM607000,Viruses
KM607001,Viruses
KM607002,Viruses
KM607003,Viruses
KM879463,Viruses
KP027199,Viruses
KP027200,Viruses
KP027201,Viruses
KP027205,Viruses
KP027206,Viruses
KP063541,Viruses
KP085586,Viruses
KP162168,Viruses
L13696,Viruses
L33769,Viruses
LK392619,Viruses
LN610572,Viruses
LN610573,Viruses
LN610574,Viruses
LN610575,Viruses
LN610576,Viruses
LN610577,Viruses
LN610578,Viruses
LN610579,Viruses
LN610580,Viruses
LN610581,Viruses
LN610582,Viruses
LN610583,Viruses
LN610585,Viruses
LN610586,Viruses
LN610587,Viruses
LN610588,Viruses
LN610589,Viruses
LN610590,Viruses
M11813,Viruses
M11912,Viruses
M19377,Viruses
U28974,Bacteria
U38906,Viruses
X96987,Viruses
X98106,Viruses
X99260,Viruses
Y13918,Viruses
